area_gr,area_en,region_gr,region_en,geo_department_gr,geo_department_en,last_updated_at,longtitude,latitude,population,total_deaths,total_cases
ΑΓΙΟ ΟΡΟΣ,Mount Athos,Άγιον Όρος,Mount Athos,Αττική,Attica,2022-07-08,24.215273100000005,40.26449279999999,1811,,268.0
ΑΙΤΩΛΟΑΚΑΡΝΑΝΙΑΣ,Aetolia-Acarnania,Δυτικής Ελλάδας,Western Greece,Στερεά Ελλάδα,Central Greece,2022-07-08,21.3798928,38.7084386,210802,,60183.0
ΑΡΓΟΛΙΔΑΣ,Argolis,Πελοποννήσου,Peloponnese,Πελοπόννησος,Peloponnese,2022-07-08,22.858217,37.6525404,97044,2.0,31510.0
ΑΡΚΑΔΙΑΣ,Arcadia,Πελοποννήσου,Peloponnese,Πελοπόννησος,Peloponnese,2022-07-08,22.333776899999997,37.5557825,86685,,25990.0
ΑΡΤΑΣ,Arta,Ηπείρου,Epirus,Ήπειρος,Epirus,2022-07-08,20.987683899999997,39.1582421,67877,2.0,17575.0
ΑΤΤΙΚΗΣ,Attica,Αττικής,Attica,Αττική,Attica,2022-07-08,23.8584737,38.0457568,3828434,330.0,1426423.0
ΑΧΑΪΑΣ,Achaea,Δυτικής Ελλάδας,Western Greece,Πελοπόννησος,Peloponnese,2022-07-08,21.9522491,38.1158729,309694,14.0,114158.0
ΒΟΙΩΤΙΑΣ,Boeotia,Στερεάς Ελλάδας και Εύβοιας,Central Greece,Στερεά Ελλάδα,Central Greece,2022-07-08,23.0965064,38.3663664,117920,,36391.0
ΓΡΕΒΕΝΩΝ,Grevena,Δυτικής Μακεδονίας,Western Macedonia,Μακεδονία,Macedonia,2022-07-08,21.4273299,40.0837626,31757,1.0,8249.0
ΔΡΑΜΑΣ,Drama,Ανατολικής Μακεδονίας Θράκης,Eastern Macedonia and Thrace,Μακεδονία,Macedonia,2022-07-08,24.146948899999998,41.1502273,98287,7.0,28653.0
ΔΩΔΕΚΑΝΗΣΩΝ,Dodecanese,Νοτίου Αιγαίου,South Aegean,Νησιά Αιγαίου Πελάγους,Aegean Islands,2022-07-08,27.928598200000003,36.4029176,190988,,73119.0
ΕΒΡΟΥ,Evros,Ανατολικής Μακεδονίας Θράκης,Eastern Macedonia and Thrace,Θράκη,Thrace,2022-07-08,26.135943100000002,41.2443761,147947,,45844.0
ΕΥΒΟΙΑΣ,Euboea,Στερεάς Ελλάδας και Εύβοιας,Central Greece,Στερεά Ελλάδα,Central Greece,2022-07-08,23.8584737,38.5236036,210815,1.0,64225.0
ΕΥΡΥΤΑΝΙΑΣ,Evrytania,Στερεάς Ελλάδας και Εύβοιας,Central Greece,Στερεά Ελλάδα,Central Greece,2022-07-08,21.7137694,39.0032334,20081,,4702.0
ΖΑΚΥΝΘΟΥ,Zakynthos,Ιονίων Νήσων,Ionian Islands,Νησιά Ιονίου Πελάγους,Ionian Islands,2022-07-08,20.899875899999998,37.7870331,40759,3.0,13659.0
ΗΛΕΙΑΣ,Elis,Δυτικής Ελλάδας,Western Greece,Πελοπόννησος,Peloponnese,2022-07-08,21.5706786,37.7045099,159300,2.0,38316.0
ΗΜΑΘΙΑΣ,Imathia,Κεντρικής Μακεδονίας,Central Macedonia,Μακεδονία,Macedonia,2022-07-08,22.1430215,40.6060067,140611,5.0,42418.0
ΗΡΑΚΛΕΙΟΥ,Heraklion,Κρήτης,Crete,Κρήτη,Crete,2022-07-08,25.144212600000003,35.3387352,305490,2.0,132586.0
ΘΕΣΠΡΩΤΙΑΣ,Thesprotia,Ηπείρου,Epirus,Ήπειρος,Epirus,2022-07-08,20.3785438,39.4935011,43587,2.0,13106.0
ΘΕΣΣΑΛΟΝΙΚΗΣ,Thessaloniki,Κεντρικής Μακεδονίας,Central Macedonia,Μακεδονία,Macedonia,2022-07-08,22.9444191,40.6400629,1110551,184.0,430530.0
ΙΩΑΝΝΙΝΩΝ,Ioannina,Ηπείρου,Epirus,Ήπειρος,Epirus,2022-07-08,20.8537466,39.665028799999995,167901,13.0,56839.0
ΚΑΒΑΛΑΣ,Kavala,Ανατολικής Μακεδονίας Θράκης,Eastern Macedonia and Thrace,Μακεδονία,Macedonia,2022-07-08,24.412866,40.937607,138687,8.0,43099.0
ΚΑΡΔΙΤΣΑΣ,Karditsa,Θεσσαλίας,Thessaly,Θεσσαλία,Thessaly,2022-07-08,21.9214049,39.3640258,113544,1.0,31987.0
ΚΑΣΤΟΡΙΑΣ,Kastoria,Δυτικής Μακεδονίας,Western Macedonia,Μακεδονία,Macedonia,2022-07-08,21.2687171,40.5192691,50322,16.0,14947.0
ΚΕΡΚΥΡΑΣ,Corfu (Kerkyra),Ιονίων Νήσων,Ionian Islands,Νησιά Ιονίου Πελάγους,Ionian Islands,2022-07-08,19.9216777,39.6242621,104371,3.0,41053.0
ΚΕΦΑΛΛΟΝΙΑΣ,Cephalonia,Ιονίων Νήσων,Ionian Islands,Νησιά Ιονίου Πελάγους,Ionian Islands,2022-07-08,20.569217899999998,38.1753675,39032,,10708.0
ΚΙΛΚΙΣ,Kilkis,Κεντρικής Μακεδονίας,Central Macedonia,Μακεδονία,Macedonia,2022-07-08,22.8753674,40.9937071,80419,3.0,22756.0
ΚΟΖΑΝΗΣ,Kozani,Δυτικής Μακεδονίας,Western Macedonia,Μακεδονία,Macedonia,2022-07-08,21.7887737,40.3005586,150196,31.0,51490.0
ΚΟΡΙΝΘΟΥ,Corinthia,Πελοποννήσου,Peloponnese,Πελοπόννησος,Peloponnese,2022-07-08,22.5245093,38.0022977,145082,1.0,47778.0
ΚΥΚΛΑΔΩΝ,Cyclades,Νοτίου Αιγαίου,South Aegean,Νησιά Αιγαίου Πελάγους,Aegean Islands,2022-07-08,25.068735600000004,37.154824700000006,118027,,51532.0
ΛΑΚΩΝΙΑΣ,Laconia,Πελοποννήσου,Peloponnese,Πελοπόννησος,Peloponnese,2022-07-08,22.5245093,37.02990870000001,89138,,22943.0
ΛΑΡΙΣΑΣ,Larissa,Θεσσαλίας,Thessaly,Θεσσαλία,Thessaly,2022-07-08,22.4191254,39.6390224,284325,23.0,109262.0
ΛΑΣΙΘΙΟΥ,Lasithi,Κρήτης,Crete,Κρήτη,Crete,2022-07-08,25.7101789,35.0811693,75381,,24851.0
ΛΕΣΒΟΥ,Lesbos,Βορείου Αιγαίου,North Aegean,Νησιά Αιγαίου Πελάγους,Aegean Islands,2022-07-08,26.277707300000003,39.264509499999996,103698,13.0,34496.0
ΛΕΥΚΑΔΑΣ,Lefkada,Ιονίων Νήσων,Ionian Islands,Νησιά Ιονίου Πελάγους,Ionian Islands,2022-07-08,20.640729999999998,38.7066464,23693,,8906.0
ΜΑΓΝΗΣΙΑΣ,Magnesia,Θεσσαλίας,Thessaly,Θεσσαλία,Thessaly,2022-07-08,22.762883,39.2686199,203808,7.0,65621.0
ΜΕΣΣΗΝΙΑΣ,Messenia,Πελοποννήσου,Peloponnese,Πελοπόννησος,Peloponnese,2022-07-08,21.9522491,37.1424653,159954,,50043.0
ΞΑΝΘΗΣ,Xanthi,Ανατολικής Μακεδονίας Θράκης,Eastern Macedonia and Thrace,Θράκη,Thrace,2022-07-08,24.8877024,41.1362513,111222,14.0,29266.0
ΠΕΛΛΑΣ,Pella,Κεντρικής Μακεδονίας,Central Macedonia,Μακεδονία,Macedonia,2022-07-08,22.1430215,40.914803899999995,139680,11.0,39906.0
ΠΙΕΡΙΑΣ,Pieria,Κεντρικής Μακεδονίας,Central Macedonia,Μακεδονία,Macedonia,2022-07-08,22.4768287,40.2669099,126698,8.0,41734.0
ΠΡΕΒΕΖΑΣ,Preveza,Ηπείρου,Epirus,Ήπειρος,Epirus,2022-07-08,20.7517155,38.9592649,57491,,16335.0
ΡΕΘΥΜΝΟΥ,Rethymno,Κρήτης,Crete,Κρήτη,Crete,2022-07-08,24.491983800000003,35.3655545,85609,,35252.0
ΡΟΔΟΠΗΣ,Rhodope,Ανατολικής Μακεδονίας Θράκης,Eastern Macedonia and Thrace,Θράκη,Thrace,2022-07-08,25.568108399999996,41.0795681,112039,3.0,26041.0
ΣΑΜΟΥ,Samos,Βορείου Αιγαίου,North Aegean,Νησιά Αιγαίου Πελάγους,Aegean Islands,2022-07-08,26.9777701,37.7547857,42859,,12451.0
ΣΕΡΡΩΝ,Serres,Κεντρικής Μακεδονίας,Central Macedonia,Μακεδονία,Macedonia,2022-07-08,23.5483819,41.0863854,176430,19.0,46018.0
ΤΡΙΚΑΛΩΝ,Trikala,Θεσσαλίας,Thessaly,Θεσσαλία,Thessaly,2022-07-08,21.7678951,39.5557317,131085,3.0,39703.0
ΦΘΙΩΤΙΔΑΣ,Phthiotis,Στερεάς Ελλάδας και Εύβοιας,Central Greece,Στερεά Ελλάδα,Central Greece,2022-07-08,22.333776899999997,38.999784999999996,158231,,42324.0
ΦΛΩΡΙΝΑΣ,Florina,Δυτικής Μακεδονίας,Western Macedonia,Μακεδονία,Macedonia,2022-07-08,21.413122199999997,40.7845262,51414,2.0,15557.0
ΦΩΚΙΔΑΣ,Phocis,Στερεάς Ελλάδας και Εύβοιας,Central Greece,Στερεά Ελλάδα,Central Greece,2022-07-08,22.1430215,38.5598641,40343,,7851.0
ΧΑΛΚΙΔΙΚΗΣ,Chalkidiki,Κεντρικής Μακεδονίας,Central Macedonia,Μακεδονία,Macedonia,2022-07-08,23.287085,40.369499700000006,107719,5.0,32453.0
ΧΑΝΙΩΝ,Chania,Κρήτης,Crete,Κρήτη,Crete,2022-07-08,24.0180367,35.513829799999996,156585,1.0,67498.0
ΧΙΟΥ,Chios,Βορείου Αιγαίου,North Aegean,Νησιά Αιγαίου Πελάγους,Aegean Islands,2022-07-08,26.1310056,38.368182399999995,52674,,16624.0
